entity_id,label,score,icluster
RO.0002351,has member,0.8852101037159592,0
BFO.0000067,contains process,0.8590712292239969,1
RO.0002092,happens during,0.8830400824506608,2
PEL.000013,forces,0.7458585441264061,3
RO.0002626,kills,0.7877325132306823,4
RO.0002331,involved in,0.9025573146738246,5
BFO.0000051,has part,0.9040580382836347,6
RO.0003001,produced by,0.8628781747555726,7
RO.0002615,has model,0.8580200770429982,8
RO.0002001,aligned with,0.7397136387102962,9
