entity_id,label,score,icluster
RO.0002351,has member,0.8852101037159592,0
RO.0002454,has host,0.8610234915739092,1
BFO.0000051,has part,0.9040580382836347,2
RO.0002626,kills,0.7877325132306823,3
BFO.0000067,contains process,0.8590712292239969,4
RO.0016002,has disease,0.7067326532680064,5
PEL.000013,forces,0.7458585441264061,6
RO.0002092,happens during,0.8830400824506608,7
RO.0002641,has intracellular endoparasite,0.3702249177367111,8
RO.0002331,involved in,0.9025573146738246,9
